{
  "mse": 0.00032843339602410104,
  "mae": 0.006318330858280849,
  "r2": 0.9900515065060858,
  "cv_mae": 0.014140335898234916,
  "train_size": 776,
  "test_size": 138
}